"KNOW","GEND","ETHN","ORG","TEAM","EXP","EXPSH","GNRL","GEO","OUT"
0.178933842,0.04882796,0.992182964,0.123571694,0.186605497,0.093760803,0.951380221,0.979407998,0.992672319,0.875452766
0.164043299,0.04882796,0.04941561,0.028487165,0.988069542,0.044294673,0.049858773,0.013747304,0.991270389,0.999896879
0.039761636,0.04882796,0.04941561,0.877064669,0.011930458,0.282889204,0.049858773,0.342791385,0.997237569,0.510976132
0.000457966,0.04882796,0.04941561,0.019417107,0.011930458,0.026417967,0.049858773,0.000232031,0.996670586,0.999857954
0.099890691,0.04882796,0.999819238,0.123571694,0.011930458,0.126312799,0.049858773,0.980322633,0.996468596,0.999894438
0.000457966,0.04882796,0.04941561,0.019417107,0.011930458,0.026417967,0.049858773,0.000232031,0.976617388,0.807390707
0.000457966,0.998039114,0.999819238,0.019417107,0.011930458,0.036532291,0.507360566,0.000401871,0.995744046,0.9989079
0.000457966,0.930710152,0.04941561,0.002773267,0.999364903,0.026417967,0.049858773,0.000232031,0.997237569,0.107723947
0.057604601,0.04882796,0.04941561,0.123571694,0.011930458,0.036532291,0.049858773,0.899838394,0.997237569,0.984658026
0.988910949,0.04882796,0.99732658,0.043909392,1,0.038252498,0.049858773,0.997741515,0.997237569,0.997845356
0.014514213,0.04882796,0.04941561,0.123571694,0.011930458,0.050318824,0.507360566,0.899838394,0.910231258,0.984337144
0.000457966,0.04882796,0.04941561,0.019417107,0.011930458,0.026417967,0.049858773,0.000232031,0.809800663,0.67591481
0.000457966,0.04882796,0.950535193,0.007366108,0.813394503,0.026417967,0.049858773,0.000232031,0.324005959,0.02236112
0.000457966,0.04882796,0.04941561,0.019417107,0.011930458,0.026417967,0.049858773,0.000232031,0.997237569,0.998872824
0.000457966,0.04882796,0.983507836,0.01319565,0.988069542,0.026417967,0.049858773,0.000232031,0.007072379,0.014529593
0.000457966,0.04882796,0.04941561,0.019417107,0.011930458,0.036532291,0.507360566,0.000256162,0.997237569,0.842839486
0.096617889,0.998039114,0.04941561,0.036697002,0.186605497,0.032803255,0.049858773,0.801663699,0.982249797,0.937447343
0.000457966,0.04882796,0.04941561,0.002773267,0.011930458,0.026417967,0.049858773,0.000232031,0.031937142,0.002999848
0.554895129,0.04882796,0.04941561,0.727790773,0.011930458,0.833483416,0.507360566,0.936195829,0,0.031676502
0.325023144,0.04882796,0.04941561,0.992676826,0.011930458,0.983113632,0.049858773,0.96470137,0.98386687,0.999855567
0.000457966,0.04882796,0.04941561,0.002773267,0.011930458,0.026417967,0.049858773,0.000232031,0.006395126,0.000694809
0.000457966,0.04882796,0.04941561,0.019417107,0.011930458,0.026417967,0.049858773,0.000232031,0.942173808,0.057041391
0.029626496,0.04882796,0.04941561,0.019417107,0.011930458,0.050318824,0.049858773,0.019287083,0.997237569,0.004831171
0.10245811,0.04882796,0.04941561,0.123571694,0.011930458,0.355355638,0.049858773,0.218674123,0.9549231,0.691185662
0.388706032,0.04882796,0.04941561,0.050186811,0.813394503,0.042899643,0.188647541,0.889705189,0.249684898,0.998936716
0.320683872,0.04882796,0.04941561,0.997242971,0.011930458,0.762129808,0.049858773,0.968029288,0.994062401,0.890593026
0.528440308,0.04882796,0.04941561,0.980694701,0.011930458,0.800185691,0.049858773,0.840469416,0.997237569,0.993089813
0.000457966,0.04882796,0.04941561,0.002773267,0.186605497,0.026417967,0.049858773,0.000232031,0,0.050748732
0.389609084,0.04882796,0.04941561,0.036697002,0.186605497,0.040667416,0.049858773,0.893310286,0.985343249,0.760942195
0.45899493,0.04882796,0.04941561,0.980694701,0.011930458,0.924335998,0.507360566,0.84161181,0.997237569,0.999854342
0.000457966,0.04882796,0.04941561,0.019417107,0.011930458,0.026417967,0.049858773,0.000232031,0.981333379,1
0.141138372,0.04882796,0.999819238,0.999611877,0.011930458,1,0.997317506,0.546965601,0,0.870461027
0.000457966,0.995145058,0.04941561,0.002773267,0.813394503,0.026417967,0.049858773,0.000232031,0.997237569,0.335637476
0.016655187,0.04882796,0.04941561,0.123571694,0.011930458,0.093760803,0.049858773,0.977279842,0.349372022,0.998338051
0.972847037,0.995145058,0.04941561,0.342900789,0.186605497,0.139142634,0.049858773,0.099949039,0.989296011,0.991576064
0.159697851,0.04882796,0.04941561,0.908219161,0.186605497,1,1,0.0380236,0.495867001,0.998451729
0.000457966,0.04882796,0.04941561,0.019417107,0.011930458,0.036532291,0.507360566,0.000293148,0.000134262,0.990781524
0.000457966,0.04882796,0.04941561,0.010187919,0.186605497,0.026417967,0.049858773,0.000232031,0.997237569,1
0.481224838,0.04882796,0.04941561,0.727790773,0.011930458,0.126312799,0.049858773,0.985317951,0.990136153,1
0.436476453,0.04882796,0.04941561,0.019417107,0.813394503,0.031079321,0.049858773,0.875222734,0.071559307,0
0.006750465,0.04882796,0.04941561,0.992676826,0.011930458,0.999244298,1,0.138426809,0.000102515,0.091457335
0.00645185,0.04882796,0.04941561,0.123571694,0.011930458,0.126312799,0.507360566,0.971289851,0.349372022,1
0.594810091,0.04882796,0.04941561,0.010187919,0.186605497,0.040667416,0.049858773,0.965210027,0.997237569,0.029963476
0.008153948,0.04882796,0.04941561,0.123571694,0.011930458,0.036532291,0.049858773,0.009693465,0.993571476,0.001329929
0.008135035,0.04882796,0.999819238,0.50049074,0.011930458,0.355355638,0.507360566,0.013360167,0,0.965940142
0.4066284,0.04882796,0.04941561,0.019417107,0.011930458,0.068935855,0.049858773,0.199979553,0.510450803,0.005550935
0.000457966,0.04882796,0.04941561,0.002773267,0.011930458,0.026417967,0.049858773,0.000232031,0.99628338,0.992131022
0.579071715,0.04882796,0.04941561,0.123571694,0.011930458,0.355355638,0.049858773,0.154918387,0.014187106,1
0.034820041,0.04882796,0.04941561,0.123571694,0.011930458,0.093760803,0.049858773,0.038919356,0.995125424,0.999719866
0.000457966,0.04882796,0.04941561,0.002773267,0.011930458,0.036532291,0.507360566,0.001911154,0.000353891,0.999812451
0.003818553,0.998039114,0.04941561,0.997242971,0.011930458,1,1,0.228335426,0.235356102,0.999256752
0.814629892,0.04882796,0.04941561,0.992676826,0.813394503,0.800185691,0.733200948,0.95924274,0.994400524,0.99873802
0.641554269,0.04882796,0.04941561,0.727790773,0.011930458,0.220153791,0.049858773,0.03628217,0.997237569,0.960408913
0.000868844,0.04882796,0.999819238,0.019417107,0.011930458,0.999612845,1,0.083007836,0.991092094,0.993479853
0.000457966,0.04882796,0.04941561,0.010187919,0.186605497,0.026417967,0.049858773,0.000232031,0.038759067,0.916896491
0.596287518,0.04882796,0.999819238,0.50049074,0.011930458,0.126312799,0.049858773,0.940494782,0.995207834,0.018394518
0.048317165,0.04882796,0.04941561,0.950093158,0.011930458,0.924335998,0.049858773,0.923675886,0.995465694,0.999646612
0.004142595,0.998039114,0.04941561,0.999611877,0.011930458,1,1,0.251573325,0.235356102,1
0.016875679,0.04882796,0.04941561,0.123571694,0.011930458,0.126312799,0.507360566,0.040681903,0.995125424,0.999737455
0.718516954,0.04882796,0.04941561,0.986006106,0.186605497,0.811809332,0.124006993,0.961253802,0.565533914,0.185576828
0.725846258,0.04882796,0.04941561,0.992676826,0.186605497,0.788031572,0.507360566,0.95924274,0.997237569,0.995102264
0.919411699,0.04882796,0.998807259,0.123571694,0.813394503,0.10897454,0.188647541,0.842565448,0.933123517,0.999410831
0.000457966,0.04882796,0.04941561,0.019417107,0.011930458,0.026417967,0.049858773,0.000232031,0.988354762,0.99611929
0.086972189,0.04882796,0.04941561,0.50049074,0.011930458,0.355355638,0.507360566,0.356654003,0.996814797,0.990856631
0.960875759,0.04882796,0.04941561,0.992676826,0.813394503,0.781755077,0.124006993,0.987814843,0.994400524,0.974747919
0.000457966,0.04882796,0.04941561,0.019417107,0.011930458,0.026417967,0.049858773,0.000232031,0.997237569,0.987270351
0.988451658,0.04882796,0.04941561,0.581545936,0.186605497,0.811809332,0.049858773,0.978139291,0.001821912,0.999121902
0.000457966,0.04882796,0.04941561,0.010187919,0.186605497,0.026417967,0.049858773,0.000232031,0.997237569,0.054739858
0.000457966,0.998039114,0.04941561,0.019417107,0.011930458,0.026417967,0.049858773,0.000232031,0.955703498,0.970555383
0.007746989,0.04882796,0.04941561,0.997242971,0.011930458,0.99769827,1,0.465849534,0.937463265,0.999317696
0.182576079,0.04882796,0.04941561,0.036697002,0.186605497,0.032803255,0.049858773,0.98846288,0,0.903365734
0.478880548,0.04882796,0.04941561,0.50049074,0.011930458,0.126312799,0.049858773,0.09186888,0.996814797,0.992787748
0.99791435,0.04882796,0.04941561,0.950093158,0.988069542,0.980741944,1,0.476107632,0.401100581,0.971601903
0.180779398,0.04882796,0.04941561,0.50049074,0.011930458,0.833483416,0.049858773,0.923675886,0.369572676,0.978392319
0.22173616,0.04882796,0.04941561,0.123571694,0.011930458,0.068935855,0.049858773,0.896566726,0.997237569,0.36590232
0.000457966,0.04882796,0.04941561,0.010187919,0.186605497,0.026417967,0.049858773,0.000232031,0.001568579,0.941578196
0.891021623,0.04882796,0.04941561,0.950093158,0.186605497,0.201603546,0.049858773,0.928724133,0.077788701,0.992949787
0.000457966,0.04882796,0.04941561,0.00532167,0.999364903,0.026417967,0.049858773,0.000232031,0.983598102,0.997533598
0.012128931,0.998039114,0.999819238,0.002773267,0.011930458,0.036532291,0.049858773,0.027624534,0.994480177,0.987417931
0.009419516,0.995145058,0.04941561,0.036697002,0.186605497,0.530818011,1,0.182219829,0.994378387,1
0.054009439,0.04882796,0.04941561,0.123571694,0.011930458,0.068935855,0.507360566,0.872813089,0.997237569,0.748063002
0.982541425,0.04882796,0.04941561,0.976605588,0.988069542,0.996993938,1,0.843058116,0.401100581,0.396485626
0.009829809,0.04882796,0.992182964,0.123571694,0.186605497,0.050318824,0.507360566,0.086773579,0.961115782,0.308410303
0.315882012,0.04882796,0.04941561,0.50049074,0.011930458,0.068935855,0.049858773,0.997412122,0.991830376,0.986206046
0.983429471,0.04882796,0.04941561,0.837230236,0.186605497,0.672224769,0.124006993,0.049316898,0.997237569,0.995297159
0.000457966,0.04882796,0.860960099,0.006061197,0.988069542,0.026417967,0.049858773,0.000232031,0.997237569,0.95185974
0.032707823,0.04882796,0.992182964,0.123571694,0.186605497,0.040667416,0.049858773,0.308031885,0,0.228564881
0.126880827,0.04882796,0.04941561,0.50049074,0.011930458,0.862187946,0.507360566,0.921886781,0.369572676,0.874052463
0.070984594,0.04882796,0.04941561,0.950093158,0.011930458,0.719367873,0.049858773,0.98081908,0.991849576,0.995762615
0.95825931,0.04882796,0.860960099,0.060414077,0.988069542,0.082990284,0.086908635,0.651879907,0.939360552,0.33543938
0.056024915,0.04882796,0.04941561,1,0.011930458,0.999244298,0.049858773,0.98081908,0.994113974,0.994081598
0.862031463,0.04882796,0.04941561,0.50049074,0.813394503,0.042899643,0.049858773,0.984020392,0,0.98356209
0.060739,0.04882796,0.999819238,0.123571694,0.011930458,0.068935855,0.049858773,0.025833322,0.9969976,0.890787491
0.037389426,0.04882796,0.04941561,0.727790773,0.011930458,0.998157621,0.507360566,0.101054269,0.997237569,0.967376345
0.595838976,0.04882796,0.04941561,0.002773267,0.011930458,0.068935855,0.049858773,0.388744478,0.990893406,0.742034777
0.004925554,0.04882796,0.992182964,0.342900789,0.186605497,0.062112455,0.951380221,0.019439609,0.961115782,0.002000562
0.004859073,0.04882796,0.04941561,0.998965002,0.011930458,1,1,0.395992701,0.937463265,0.908590402
0.996039787,0.04882796,0.860960099,0.404038488,0.988069542,0.501115316,0.713567899,0.811423,0.994105217,0.998576853
0.027808684,0.04882796,0.04941561,0.727790773,0.011930458,0.998819906,0.997317506,0.201185812,0.997237569,0.999326488
0.585820293,0.04882796,0.04941561,0.980694701,0.011930458,0.621330911,0.049858773,0.975338427,0,0.24179856
0.066389136,0.04882796,0.04941561,0.010187919,0.186605497,0.040667416,0.049858773,0.118106687,0.992463613,0.999501267
0.982541425,0.04882796,0.04941561,0.976605588,0.988069542,0.996993938,1,0.843058116,0.401100581,0.274439499
0.390561687,0.04882796,0.04941561,0.727790773,0.011930458,0.567617593,0.049858773,0.020937116,0.997237569,0.999339773
0.000457966,0.04882796,0.04941561,0.019417107,0.011930458,0.036532291,0.507360566,0.419952645,0.997237569,0.974807336
0.3006483,0.04882796,0.04941561,0.980694701,0.011930458,0.762129808,0.507360566,0.981937846,0,0.563274273
0.07928282,0.04882796,0.04941561,0.727790773,0.011930458,0.168070283,0.049858773,0.928666561,0.952282822,1
0.255509613,0.04882796,0.04941561,0.002773267,0.011930458,0.093760803,0.507360566,0.992810701,0.990893406,0.007980429
0.002442649,0.04882796,0.992182964,0.342900789,0.186605497,0.076447744,0.997317506,0.01735859,0,0.000857368
0.044527382,0.04882796,0.04941561,0.50049074,0.011930458,0.672224769,0.049858773,0.894534057,0.996326558,0.261078383
0.176312175,0.04882796,0.04941561,0.727790773,0.011930458,0.512266034,0.049858773,0.216405875,0.995113657,0.879309872
0.015957187,0.04882796,0.04941561,0.950093158,0.011930458,0.999690227,1,0.248240586,0.997237569,0.985668202
0.000457966,0.04882796,0.04941561,0.019417107,0.011930458,0.026417967,0.049858773,0.000232031,0.997237569,0.895466441
0.77584431,0.04882796,0.860960099,0.123571694,0.988069542,0.13388436,0.972421991,0.446011083,0.939360552,0.024989094
0.000457966,0.04882796,0.04941561,0.002773267,0.011930458,0.026417967,0.049858773,0.000232031,0.997237569,0.055899946
0.48549119,0.998039114,0.04941561,0.019417107,0.011930458,0.068935855,0.049858773,0.979272635,0,0.203539341
0.017699386,0.04882796,0.04941561,0.950093158,0.011930458,0.999516142,1,0.289479076,0.997237569,0.995212807
0.965892142,0.930710152,0.744202178,0.010187919,0.999364903,0.084703729,0.072395739,0.411377355,0.29728465,0.001487068
0.070984594,0.04882796,0.04941561,0.950093158,0.011930458,0.719367873,0.049858773,0.98081908,0.991849576,0.918772497
0.000457966,0.04882796,0.04941561,0.002773267,0.011930458,0.026417967,0.049858773,0.000232031,0.138424189,0.546873317
0.017699386,0.04882796,0.04941561,0.950093158,0.011930458,0.999516142,1,0.289479076,0.997237569,0.266950929
0.056024915,0.04882796,0.04941561,1,0.011930458,0.999244298,0.049858773,0.98081908,0.994113974,0.936418701
0.069619075,0.04882796,0.999819238,0.019417107,0.011930458,0.093760803,0.049858773,0.495745181,0.994836869,0.560643672
0.000457966,0.04882796,0.04941561,0.002773267,0.011930458,0.068935855,0.997317506,0.007324069,0.997237569,0.062861463
0.946895289,0.04882796,0.04941561,0.976605588,0.988069542,0.999703739,1,0.646988981,0.401100581,0.006701032
0.900216382,0.04882796,0.860960099,0.123571694,0.988069542,0.119110546,0.649839135,0.397697914,0.939360552,0.048349648
0.000457966,0.04882796,0.04941561,0.019417107,0.011930458,0.026417967,0.049858773,0.000232031,0.882063021,0.97471013
0.080334515,0.04882796,0.04941561,0.980694701,0.011930458,0.959765487,0.997317506,0.972191639,0,0.099222708
0.000457966,0.04882796,0.04941561,0.019417107,0.011930458,0.050318824,0.951380221,0.393287599,0.997237569,0.562634565
0.738905502,0.04882796,0.04941561,0.123571694,0.186605497,0.050318824,0.124006993,0.831779708,0.99594783,0.736575263
0.690240688,0.04882796,0.999819238,0.980694701,0.011930458,0.938534103,0.049858773,0.850339198,0.43172077,0.980004638
0.001334132,0.04882796,0.999819238,0.123571694,0.011930458,0.567617593,1,0.005657037,0.989282715,0.997511824
0.000457966,0.04882796,0.999819238,0.019417107,0.011930458,0.026417967,0.049858773,0.000232031,0.99476374,0.09156056
0.8410422,0.04882796,0.04941561,0.973421685,0.186605497,0.704115598,0.049858773,0.981682354,0.973605348,0.916542842
0.101106718,0.04882796,0.04941561,0.980694701,0.011930458,0.924335998,0.951380221,0.97608569,0,0.764521533
0.561465406,0.04882796,0.992182964,0.010187919,0.186605497,0.040667416,0.049858773,0.990639223,0,0.866970521
0.498656759,0.04882796,0.04941561,0.998965002,0.011930458,0.995515347,0.049858773,0.953238634,0.997237569,0.746269583
0.000457966,0.04882796,0.04941561,0.019417107,0.011930458,0.026417967,0.049858773,0.000232031,0.997237569,0.897965507
0.000457966,0.04882796,0.992182964,0.002773267,0.186605497,0.026417967,0.049858773,0.000232031,0,0.743904487
0.328491554,0.04882796,0.04941561,0.019417107,0.011930458,0.093760803,0.049858773,0.9998707,0.993556754,0.720559878
0.272558306,0.04882796,0.04941561,0.727790773,0.011930458,0.168070283,0.049858773,0.778670968,0.997237569,0.998552149
0.910221647,0.998039114,0.04941561,0.019417107,0.813394503,0.050318824,0.079349513,0.723676263,0.000334499,0.996556262
0.044327292,0.04882796,0.04941561,0.727790773,0.011930458,0.168070283,0.507360566,0.929091807,0.991830376,0.168655028
0.036214944,0.04882796,0.04941561,0.019417107,0.011930458,0.036532291,0.049858773,0.494096378,0.000189889,0.998921594
0.257823035,0.04882796,0.04941561,0.727790773,0.011930458,0.512266034,0.049858773,0.993587306,0.997237569,0.045328662
0.090437682,0.04882796,0.04941561,0.002773267,0.011930458,0.126312799,0.951380221,0.99221156,0.990893406,0.000940188
0.000457966,0.04882796,0.04941561,0.019417107,0.011930458,0.036532291,0.507360566,0.000243926,0.997237569,0.027494789
0.001916528,0.04882796,0.992182964,0.342900789,0.186605497,0.114508598,0.999858456,0.000651,0.961115782,0.000147069
0.51600744,0.04882796,0.04941561,0.837230236,0.186605497,0.993509002,0.992873922,0.247567969,0.997237569,1
0.572999529,0.04882796,0.04941561,0.877064669,0.011930458,0.567617593,0.049858773,0.991500589,0.997237569,0.90519844
0.919265522,0.04882796,0.992182964,0.996180013,0.186605497,1,0.049858773,0.950909791,0.990866834,0.002488946
0.969642476,0.04882796,0.992182964,0.581545936,0.186605497,0.97190691,0.049858773,0.119067525,0.994007809,0.986789611
0.000457966,0.04882796,0.04941561,0.010187919,0.186605497,0.026417967,0.049858773,0.000232031,0.082642536,0.92702953
1,0.836515632,0.895404543,0.187202121,1,0.928145083,1,0.983879463,0.985956077,0.004028644
0.978736531,0.930710152,0.744202178,0.010187919,0.999364903,0.407933173,0.831992086,0.028574763,0.176769451,0
0.946895289,0.04882796,0.04941561,0.976605588,0.988069542,0.999703739,1,0.646988981,0.401100581,0.000545702
0.951433656,0.04882796,0.04941561,0.976605588,0.988069542,0.999277247,1,0.854085109,0.401100581,0.00099077
0.546641934,0.985045072,0.950535193,0.019417107,0.813394503,0.036532291,0.049858773,0.680070891,0,0.003094667
0.000457966,0.04882796,0.04941561,0.002773267,0.011930458,0.093760803,0.999858456,0.007324069,0.997237569,0.109028449
0.544625718,0.04882796,0.04941561,0.727790773,0.011930458,0.355355638,0.049858773,0.998860484,0.997237569,0.986065919
0.250092496,0.04882796,0.04941561,0.123571694,0.011930458,0.126312799,0.049858773,0.38038673,0.995189097,0.890462222
0.577450263,0.998039114,0.04941561,0.019417107,0.813394503,0.058942081,0.627190842,0.680541043,0.000334499,0.939921985
1,0.836515632,0.895404543,0.187202121,1,0.928145083,1,0.983879463,0.985956077,0.008384572
0.064981237,0.04882796,0.04941561,0.036697002,0.186605497,0.040667416,0.049858773,0.965210027,0,0.017078599
0.000457966,0.04882796,0.04941561,0.019417107,0.011930458,0.026417967,0.049858773,0.000232031,0.982627188,0.000265958
0.000457966,0.04882796,0.04941561,0.002773267,0.011930458,0.050318824,0.951380221,0.007105559,0.997237569,0.031623824
1,0.930710152,0.04941561,0.068283961,0.999364903,0.055923881,0.060146715,0.996014582,0,0.826575589
0.997382794,0.04882796,0.04941561,0.950093158,0.813394503,0.696311886,0.049858773,0.59454419,0,0.934014491
0.000457966,0.04882796,0.04941561,0.019417107,0.011930458,0.036532291,0.507360566,0.000245879,0.882063021,0.781930756
1,0.836515632,0.895404543,0.273377444,1,0.969254788,1,0.988513859,0.985956077,0.005726618
0.715648068,0.998039114,0.04941561,0.010187919,0.186605497,0.040667416,0.049858773,0.999710429,0.997237569,0.993255769
0.946895289,0.04882796,0.04941561,0.976605588,0.988069542,0.999703739,1,0.646988981,0.401100581,0.000489664
0.001448772,0.04882796,0.992182964,0.342900789,0.186605497,0.168070283,1,0.000564395,0,0.001699343
0.972168829,0.04882796,0.04941561,0.973421685,0.186605497,1,0.049858773,0.746417724,0,0.002271423
0.837513905,0.04882796,0.04941561,0.973421685,0.186605497,1,0.951380221,0.980449568,0,0.000556778
0.018852608,0.995145058,0.04941561,0.036697002,0.186605497,0.040667416,0.124006993,0.952723491,0.302594938,0.959429043
0.436612622,0.04882796,0.04941561,0.877064669,0.011930458,0.672224769,0.049858773,0.998431279,0,0.004246239
0.744697366,0.998039114,0.04941561,0.123571694,0.011930458,0.355355638,0.049858773,0.164014924,0.997237569,0.571020765
0.515543106,0.04882796,0.04941561,0.50049074,0.011930458,0.512266034,0.049858773,0.746196051,0,0.998775678
0.303772726,0.04882796,0.04941561,0.123571694,0.186605497,0.076447744,0.879997206,0.874964178,0.99594783,0.071239315
0.946895289,0.04882796,0.04941561,0.976605588,0.988069542,0.999703739,1,0.646988981,0.401100581,0.000922309
0.038962962,0.04882796,0.04941561,0.002773267,0.011930458,0.168070283,0.997317506,0.99221156,0.990893406,0
0.018852608,0.995145058,0.04941561,0.036697002,0.186605497,0.040667416,0.124006993,0.952723491,0.302594938,0.975860083
0.080824259,0.04882796,0.04941561,0.010187919,0.186605497,0.040667416,0.049858773,0.95860543,0.987538511,0.981852007
0.000457966,0.04882796,0.04941561,0.002773267,0.011930458,0.026417967,0.049858773,0.000232031,0.991395147,0.475436159
0.967508158,0.04882796,0.04941561,0.908219161,0.186605497,0.282889204,0.049858773,0.996869686,0.109212312,0.006706491
0.001736139,0.04882796,0.999819238,0.123571694,0.011930458,0.719367873,1,0.01981155,0.989282715,0.969194278
0.012843805,0.995145058,0.04941561,0.010187919,0.186605497,0.026417967,0.049858773,0.009956999,0.997237569,0.895314794
0.014895554,0.04882796,0.999819238,0.50049074,0.011930458,0.050318824,0.049858773,0.591671697,0.327786153,0.763676542
0.000457966,0.04882796,0.04941561,0.123571694,0.011930458,0.168070283,1,0.024721991,0.9799215,0.966407278
0.827066651,0.04882796,0.04941561,1,0.186605497,1,0.997317506,0.982126743,0.997237569,0.010285131
0.098071131,0.04882796,0.04941561,0.123571694,0.186605497,0.201603546,0.049858773,0.238990391,0,0.486902577
0.035260037,0.04882796,0.04941561,0.019417107,0.011930458,0.050318824,0.049858773,0.998747525,0,0.065263952
0.928765727,0.04882796,0.04941561,0.581545936,0.186605497,0.239898037,0.124006993,0.783935867,0.002301281,0.87013124
0.946895289,0.04882796,0.04941561,0.976605588,0.988069542,0.999703739,1,0.646988981,0.401100581,0.000494108
0.617922699,0.04882796,0.860960099,0.123571694,0.988069542,0.15017823,0.998509586,0.552646187,0.939360552,0.002361835
0.508931466,0.04882796,0.04941561,0.036697002,0.186605497,0.435121745,0.507360566,0.834305111,0.048832895,0.261846117
0.897240439,0.04882796,0.992182964,0.998010739,0.186605497,1,0.733200948,0.916932792,0,0.382710926
0.94696519,0.04882796,0.04941561,0.984080729,0.988069542,1,1,0.807799071,0.401100581,0.000328212
0.098071131,0.04882796,0.04941561,0.123571694,0.186605497,0.201603546,0.049858773,0.238990391,0,0.025645248
0.0640173,0.04882796,0.04941561,0.036697002,0.186605497,0.062112455,0.507360566,0.240560926,0.997237569,0
0.764953726,0.04882796,0.04941561,0.973421685,0.186605497,1,0.997317506,0.980449568,0,0.002435679
0.407129589,0.04882796,0.04941561,0.727790773,0.011930458,0.621330911,0.507360566,0.622106859,0,0.999547411
0.012617846,0.995145058,0.04941561,0.010187919,0.186605497,0.040667416,0.049858773,0.002668609,0.019239412,0.018919025
0.997929707,0.04882796,0.04941561,0.273377444,0.813394503,0.944662058,0.507360566,0.893225512,0,0.997597471
0.020931792,0.04882796,0.04941561,0.123571694,0.011930458,0.036532291,0.049858773,0.129687316,0.000613555,0.017072594
0.910156837,0.04882796,0.04941561,0.837230236,0.186605497,0.567617593,0.049858773,0.997269533,0,0.506478869
0.138856658,0.04882796,0.04941561,0.123571694,0.011930458,0.050318824,0.049858773,0.517054811,0.997237569,0.121683618
0.972329177,0.04882796,0.04941561,0.950093158,0.186605497,0.967548766,0.507360566,0.996669526,0.109212312,0.02373394
0.63114053,0.04882796,0.04941561,0.010187919,0.186605497,0.282889204,0.276353107,0.68623786,0.048832895,0.996257084
0.962633747,0.04882796,0.999819238,0.123571694,0.186605497,0.950211485,0.276353107,0.171741207,0.985083794,0.586821002
0.177668046,0.995145058,0.992182964,0.123571694,0.186605497,0.032803255,0.049858773,0.986725612,0.995646343,0.04205951
0.000457966,0.985045072,0.950535193,0.007366108,0.813394503,0.026417967,0.049858773,0.000232031,0.8485854,0.988107699
0.202915525,0.04882796,0.04941561,0.950093158,0.011930458,0.621330911,0.049858773,0.917012094,0.930022888,0.007823504
0.000457966,0.998039114,0.04941561,0.002773267,0.011930458,0.050318824,0.951380221,0.135318103,0.997237569,0.015924964
0.588136592,0.04882796,0.992182964,0.123571694,0.186605497,0.093760803,0.507360566,0.990563939,0,0.000642336
0.000457966,0.04882796,0.04941561,0.010187919,0.186605497,0.026417967,0.049858773,0.000232031,0.303820884,0.804052562
1,0.04882796,0.860960099,0.989193791,0.988069542,0.903357246,0.049858773,0.790511171,0,0.943932038
0.000457966,0.04882796,0.04941561,0.727790773,0.011930458,0.967548766,1,0.007486707,0.99346659,0.122512281
0.000457966,0.04882796,0.999819238,0.019417107,0.011930458,0.026417967,0.049858773,0.000232031,0.997237569,0.999304352
0.000457966,0.04882796,0.04941561,0.019417107,0.011930458,0.026417967,0.049858773,0.000240505,0.126685471,0.764552846
0.020416913,0.04882796,0.04941561,0.002773267,0.011930458,0.220153791,0.999858456,0.977648611,0.990893406,0
0.001847862,0.04882796,0.04941561,0.002773267,0.011930458,0.036532291,0.049858773,0.001770372,0.000701768,0.006733969
0.000457966,0.04882796,0.04941561,0.010187919,0.186605497,0.026417967,0.049858773,0.000232031,0,0.00755471
0.013717776,0.04882796,0.04941561,0.019417107,0.011930458,0.050318824,0.049858773,0.047479836,0,0.692727007
0.000457966,0.04882796,0.999819238,0.019417107,0.011930458,0.050318824,0.951380221,0.006309786,0,0.627198326
1,0.04882796,0.04941561,0.787613959,0.999364903,0.490520935,0.603970405,0.995500743,0.98289272,0.477089221
0.812612428,0.04882796,0.992182964,0.727790773,0.186605497,0.490520935,0.049858773,0.972599365,0.984875718,0.98780332
0.349889625,0.04882796,0.04941561,0.50049074,0.011930458,0.050318824,0.049858773,0.956197677,0.996787326,0.336582333
0.999769293,0.04882796,0.860960099,0.028487165,0.988069542,0.967548766,0.113622664,0.997312816,0.984982631,1
0.985466618,0.985045072,0.04941561,0.50049074,0.813394503,0.355355638,0.049858773,0.426862614,0,0.001810644
0.204060266,0.04882796,0.04941561,0.877064669,0.011930458,0.762129808,0.049858773,0.796702307,0.282851979,0.933647859
0.919265562,0.985045072,0.04941561,0.019417107,0.813394503,0.036532291,0.049858773,0.995126137,0.934752155,0.882975229
0.381993526,0.04882796,0.04941561,0.019417107,0.011930458,0.068935855,0.049858773,0.96991591,0.997237569,0.065200337
0.054816302,0.04882796,0.04941561,0.007366108,0.813394503,0.036532291,0.049858773,0.012771514,0.987089074,0.888699371
0.001276534,0.04882796,0.992182964,0.342900789,0.186605497,0.201603546,1,0.000553264,0,0.003971914
0.966005331,0.985045072,0.04941561,0.123571694,0.813394503,0.068935855,0.079349513,0.999659467,0.997237569,0.083405887
0.969618913,0.985045072,0.04941561,0.123571694,0.813394503,0.967548766,0.99899303,0.884450397,0.267722001,0.982254081
0.980040935,0.04882796,0.04941561,0.727790773,0.186605497,0.076447744,0.049858773,0.999727582,0.996054605,0.996996611
0.315550391,0.04882796,0.999819238,1,0.011930458,1,0.951380221,0.90363776,0,0.024380902
0.000457966,0.04882796,0.999819238,0.019417107,0.011930458,0.026417967,0.049858773,0.000232031,0.941724837,0.720376942
0.947042381,0.04882796,0.04941561,0.992676826,0.988069542,1,1,0.708004909,0.401100581,0.001451651
0.033675422,0.04882796,0.04941561,0.036697002,0.186605497,0.168070283,0.879997206,0.603957158,0.997237569,0.053547978
0.121493304,0.04882796,0.04941561,0.727790773,0.011930458,0.126312799,0.049858773,0.664598387,0.476874756,0.009440598
0.059862052,0.04882796,0.04941561,0.950093158,0.011930458,0.833483416,0.951380221,0.958434124,0.984875718,0.950378132
0.440430059,0.04882796,0.999819238,0.877064669,0.011930458,0.435121745,0.049858773,0.978690912,0.982464587,0.123623253
0.000457966,0.04882796,0.04941561,0.019417107,0.011930458,0.026417967,0.049858773,0.000240505,0.14729046,0.824169051
0.059700416,0.04882796,0.999819238,0.999854513,0.011930458,1,0.999858456,0.852851209,0.992750919,0.003850198
0.042335576,0.998039114,0.04941561,0.980694701,0.011930458,0.999690227,0.049858773,0.187989911,0.87146032,0.348526825
0.885617683,0.04882796,0.04941561,0.273377444,0.813394503,0.10897454,0.385462479,0.577246267,0.018878768,0.138383832
0.976762689,0.930710152,0.04941561,0.036697002,0.999364903,0.055923881,0.049858773,0.98512896,0.968918717,0.433163426
0.969618913,0.985045072,0.04941561,0.123571694,0.813394503,0.967548766,0.99899303,0.884450397,0.267722001,0.984681755
0.529241412,0.04882796,0.999819238,0.50049074,0.011930458,0.907182595,0.507360566,0.164938361,0.990562068,0.051211285
0.682256059,0.04882796,0.04941561,0.036697002,0.186605497,0.062112455,0.049858773,0.992460396,0,0.192765831
0.059862052,0.04882796,0.04941561,0.950093158,0.011930458,0.833483416,0.951380221,0.958434124,0.984875718,1
0.000457966,0.04882796,0.04941561,0.002773267,0.011930458,0.026417967,0.049858773,0.000232031,0,0.929102946
0.791711173,0.04882796,0.04941561,0.837230236,0.186605497,0.381296724,0.049858773,0.988678736,0.197091205,0.889594502
0.598921587,0.04882796,0.04941561,0.123571694,0.011930458,0.862187946,0.049858773,0.620806237,0.984731975,0.767970519
0.323425335,0.04882796,0.04941561,0.877064669,0.011930458,0.719367873,0.951380221,0.738004374,0,0.999031812
0.908620184,0.04882796,0.04941561,0.007366108,0.813394503,0.042899643,0.049858773,0.963005066,0.964236897,0.82627047
0.597634932,0.04882796,0.04941561,0.837230236,0.186605497,0.567617593,0.997317506,0.947495158,0.004288011,0.872858829
0.352987203,0.04882796,0.04941561,0.123571694,0.011930458,0.168070283,0.049858773,0.835153507,0.997237569,0.649631535
0.976762689,0.930710152,0.04941561,0.036697002,0.999364903,0.055923881,0.049858773,0.98512896,0.968918717,0.134612123
0.546652266,0.998039114,0.04941561,0.997242971,0.011930458,0.907182595,0.507360566,0.934256717,0.997237569,0.008840597
0.889226678,0.04882796,0.04941561,0.996180013,0.186605497,0.97190691,0.049858773,0.838486728,0.016025838,0.984021397
0.063533486,0.04882796,0.04941561,0.019417107,0.011930458,0.126312799,0.507360566,0.193227551,0.995749444,0.000711235
0.907645703,0.04882796,0.744202178,0.068283961,0.999364903,0.062112455,0.049858773,0.708538717,0.046360929,0.016293796
0.19337698,0.04882796,0.992182964,0.342900789,0.186605497,0.050318824,0.124006993,0.566087622,0.318394253,0.317630977
0.502742296,0.998039114,0.04941561,0.877064669,0.011930458,0.512266034,0.049858773,0.995627195,0.997237569,0.006894486
0.000457966,0.04882796,0.04941561,0.019417107,0.011930458,0.026417967,0.049858773,0.000232031,0.997237569,0.938849547
0.911367203,0.930710152,0.04941561,0.019417107,0.999364903,0.040667416,0.049858773,0.028255435,0.983826901,0.611315748
0.000457966,0.998039114,0.04941561,0.002773267,0.011930458,0.126312799,1,0.13790206,0.997237569,0.052664261
0.575309736,0.04882796,0.992182964,0.837230236,0.186605497,0.762129808,0.992873922,0.835407829,0.984875718,0.981626897
0.01492721,0.995145058,0.992182964,0.342900789,0.186605497,0.050318824,0.507360566,0.370878119,0.995646343,0.075141451
0.406774616,0.04882796,0.04941561,0.980694701,0.011930458,0.999690227,0.049858773,0.030517384,0.997237569,0.062758011
1,0.04882796,0.966432654,0.994261094,1,0.91615697,0.205462933,0.994135671,0,0.569566091
0.022524401,0.04882796,0.04941561,0.019417107,0.011930458,0.983113632,1,0.82924985,0.997237569,0.902448248
1,0.04882796,0.860960099,0.992676826,0.988069542,0.924335998,0.507360566,0.896034125,0,0.07930696
0.018211154,0.04882796,0.04941561,0.010187919,0.186605497,0.050318824,0.507360566,0.244664509,0.987538511,0.086707905
0.000457966,0.998039114,0.04941561,0.002773267,0.011930458,0.093760803,0.999858456,0.136604939,0.997237569,0.026913094
0.000457966,0.04882796,0.04941561,0.002773267,0.011930458,0.036532291,0.507360566,0.000237883,0,0.021847889
0.72537901,0.04882796,0.04941561,0.877064669,0.011930458,0.355355638,0.049858773,0.994872898,0,0.246514258
0.000457966,0.04882796,0.04941561,0.019417107,0.011930458,0.036532291,0.507360566,0.960787553,0.997237569,0.890666277
0.000457966,0.04882796,0.04941561,0.002773267,0.186605497,0.026417967,0.049858773,0.000232031,0.309204985,0.980219995
0.156410401,0.04882796,0.999819238,0.727790773,0.011930458,0.938534103,0.049858773,0.853117201,0.997237569,0.008911713
0.317641009,0.998039114,0.04941561,0.877064669,0.011930458,0.621330911,0.049858773,0.810084089,0.997237569,0.303843295
0.745901344,0.04882796,0.992182964,0.727790773,0.186605497,0.567617593,0.124006993,0.994883089,0.971558955,1
0.039303849,0.04882796,0.992182964,0.342900789,0.186605497,0.062112455,0.733200948,0.401864093,0.318394253,0.114606108
0.967133779,0.995145058,0.04941561,0.342900789,0.186605497,0.168070283,0.049858773,0.739322577,0.997237569,0.898913958
0.000457966,0.04882796,0.04941561,0.019417107,0.011930458,0.026417967,0.049858773,0.000232031,0.976480889,0.125277456
0.957485254,0.04882796,0.04941561,0.992676826,0.988069542,1,1,0.805824499,0.401100581,0.00039052
0.005779883,0.04882796,0.04941561,0.877064669,0.011930458,0.567617593,1,0.098756238,0.993148866,0.009645479
0.481092356,0.04882796,0.999819238,0.950093158,0.011930458,0.719367873,0.507360566,0.920611105,0.997237569,0.003299333
0.000457966,0.04882796,0.04941561,0.007366108,0.813394503,0.026417967,0.049858773,0.000232031,0.154308308,0.043926953
0.933676649,0.04882796,0.950535193,0.123571694,0.813394503,0.192776663,0.049858773,0.987333044,0,0.177422885
0.000457966,0.04882796,0.04941561,0.123571694,0.011930458,0.050318824,0.951380221,0.028654616,0.9799215,0.585604335
0.38372149,0.04882796,0.04941561,0.010187919,0.186605497,0.139142634,0.733200948,0.833230283,0.990543497,0.565187372
0.940554804,0.985045072,0.950535193,0.620742933,0.813394503,0.250213732,0.188647541,0.52918392,0,0.087221968
0.137753356,0.04882796,0.04941561,0.50049074,0.011930458,0.068935855,0.049858773,0.976682296,0.997237569,0.01063272
0.660485114,0.04882796,0.04941561,0.992676826,0.011930458,0.621330911,0.049858773,0.982085845,0.26752289,0
0.077661223,0.04882796,0.04941561,0.980694701,0.011930458,0.435121745,0.507360566,0.365871692,0.997237569,0.032246331
0.998891417,0.04882796,0.04941561,0.787613959,0.999364903,0.688393442,1,0.92421976,0.98289272,0.780822578
0.085852575,0.04882796,0.04941561,0.877064669,0.011930458,0.762129808,0.997317506,0.960483927,0.997237569,0.955574814
0.000457966,0.04882796,0.04941561,0.877064669,0.011930458,0.998157621,1,0.017376407,0.99346659,0.021672337
0.000457966,0.04882796,0.04941561,0.002773267,0.011930458,0.026417967,0.049858773,0.000232031,0.997237569,0.105169267
0.918455641,0.04882796,0.950535193,0.123571694,0.813394503,0.567617593,0.922951638,0.820183649,0.994507331,0.336958076
0.507912349,0.04882796,0.04941561,0.997242971,0.011930458,0.991280267,0.049858773,0.960747187,0.944506508,0.124473698
0.043986342,0.04882796,0.04941561,0.007366108,0.813394503,0.036532291,0.079349513,0.306257347,0.000113258,0.241595043
0.619826829,0.04882796,0.04941561,0.123571694,0.186605497,0.050318824,0.049858773,0.267000579,0.997237569,0.05059594
0.011815415,0.998039114,0.04941561,0.019417107,0.011930458,0.036532291,0.049858773,0.025705013,0.997237569,0.112500378
0.179351496,0.04882796,0.04941561,0.50049074,0.011930458,0.126312799,0.049858773,0.00323828,0.720979781,0.083477632
0.0949186,0.998039114,0.04941561,0.877064669,0.011930458,0.093760803,0.507360566,0.992912243,0.997237569,0.964150862
0.999809733,0.04882796,0.965539672,0.980694701,0.999364903,0.918968853,0.104004674,0.977851797,0,0.593877665
0.000457966,0.04882796,0.04941561,0.123571694,0.011930458,0.036532291,0.507360566,0.028654616,0.9799215,0.005067675
0.239505373,0.04882796,0.04941561,0.997242971,0.011930458,1,0.049858773,0.921850458,0.997237569,0.951129211
0.000457966,0.04882796,0.04941561,0.123571694,0.011930458,0.068935855,0.997317506,0.02735318,0.9799215,0.693499275
0.004920179,0.998039114,0.04941561,0.123571694,0.011930458,0.036532291,0.049858773,0.1536417,0.997237569,0.993961836
0.169481361,0.04882796,0.04941561,0.002773267,0.011930458,0.036532291,0.049858773,0.999724128,0.374319455,0.011005173
0.98202959,0.04882796,0.04941561,0.727790773,0.186605497,0.381296724,0.049858773,0.817204082,0.980234415,0.276086605
0.979399952,0.985045072,0.992182964,0.050186811,0.813394503,0.080479188,0.079349513,0.984936898,0.170409235,0.702001477
0.64811373,0.995145058,0.04941561,0.010187919,0.186605497,0.050318824,0.049858773,0.337821373,0.087871362,0.615475578
0.008519314,0.04882796,0.04941561,0.007366108,0.813394503,0.036532291,0.817822507,0.081496835,0,0.001676531
0.056485768,0.04882796,0.04941561,0.123571694,0.011930458,0.093760803,0.049858773,0.96659157,0.997237569,1
0.06711526,0.04882796,0.04941561,0.019417107,0.011930458,0.282889204,0.951380221,0.202039185,0.995749444,0.001419456
1,0.964013341,0.04941561,0.086936674,1,0.556637088,0.081799977,0.961207561,0,0.683734723
0.999768339,0.985045072,0.04941561,1,0.813394503,1,0.049858773,0.984168179,0.902449512,0.099919383
0.053281996,0.04882796,0.04941561,0.992676826,0.011930458,0.907182595,0.997317506,0.507353273,0.286254509,0.000602658
0.422186632,0.998039114,0.04941561,0.50049074,0.011930458,0.093760803,0.049858773,0.908599779,0.000203443,0.976144852
0.009587736,0.04882796,0.04941561,0.019417107,0.011930458,0.068935855,0.507360566,0.437415013,0,0.013139292
0.788856605,0.04882796,0.04941561,0.123571694,0.011930458,0.355355638,0.049858773,0.810763925,0.091060538,0.441267268
0.000457966,0.04882796,0.999819238,0.002773267,0.011930458,0.026417967,0.049858773,0.000232031,0.28523464,0.966678078
0.036895088,0.04882796,0.04941561,0.019417107,0.011930458,0.168070283,0.049858773,0.018038146,0.002277701,0
0.055565704,0.04882796,0.04941561,0.019417107,0.011930458,0.435121745,0.951380221,0.949040771,0.997237569,0.006983564
0.572586609,0.04882796,0.04941561,0.01319565,0.988069542,0.034248576,0.049858773,0.951528611,0.997237569,0.503882931
0.154626471,0.04882796,0.04941561,0.019417107,0.011930458,0.036532291,0.049858773,0.999514971,0.997237569,0.374002749
0.557317655,0.04882796,0.999819238,0.50049074,0.011930458,0.093760803,0.049858773,0.964825944,0,0.000382132
0.000457966,0.04882796,0.04941561,0.019417107,0.011930458,0.026417967,0.049858773,0.000232031,0.985912802,0.162332176
0.000457966,0.04882796,0.04941561,0.019417107,0.011930458,0.036532291,0.507360566,0.000261705,0.965169457,0.000135803
0.254063118,0.04882796,0.04941561,0.019417107,0.011930458,0.282889204,0.049858773,0.948525092,0.997237569,0.001801313
0.000620209,0.04882796,0.04941561,0.950093158,0.011930458,0.999612845,1,0.018187047,0.99346659,0.008501472
0.980800572,0.04882796,0.998807259,0.620742933,0.813394503,0.647195168,0.079349513,0.90054985,0.44505174,0.03082255
0.958696009,0.930710152,0.04941561,0.036697002,0.999364903,0.050318824,0.086908635,0.938554478,0.293062934,0.006129116
0.974621591,0.04882796,0.04941561,0.813692265,0.813394503,0.192776663,0.049858773,0.934954072,0.310876208,0.148212337
0.550855793,0.04882796,0.992182964,0.727790773,0.186605497,0.139142634,0.049858773,0.971256355,0.997237569,0.971514366
0.119226991,0.998039114,0.04941561,0.123571694,0.011930458,0.907182595,0.049858773,0.014435221,0.995050808,0.001482112
0.000457966,0.04882796,0.992182964,0.010187919,0.186605497,0.026417967,0.049858773,0.000232031,0.994672317,0.199032346
0.700140219,0.04882796,0.992182964,0.036697002,0.186605497,0.530818011,0.124006993,0.9456145,0.858636677,0.993640203
0.937825789,0.04882796,0.992182964,0.342900789,0.186605497,0.062112455,0.049858773,0.997357397,0.491546897,0.010905604
0.871649973,0.04882796,0.04941561,0.920974525,0.813394503,0.282889204,0.049858773,0.978274657,0.106596041,0.07263173
0.996535924,0.964013341,0.04941561,0.236159843,0.988069542,0.231857677,0.086908635,0.514001609,0,0.736756043
0.777799303,0.995145058,0.04941561,0.986006106,0.186605497,0.853112938,0.049858773,0.91042382,0.416694283,0.765964031
0.040938758,0.04882796,0.04941561,0.123571694,0.186605497,0.062112455,0.507360566,0.958987194,0.997237569,0.84137207
0.999642915,0.04882796,0.04941561,0.854286761,0.988069542,0.691574399,0.769806687,0.914998882,0.991166762,0.998574128
0.000457966,0.995145058,0.04941561,0.010187919,0.186605497,0.026417967,0.049858773,0.000232031,0.997237569,0.001032574
0.000457966,0.04882796,0.04941561,0.123571694,0.011930458,0.126312799,1,0.01330182,0.9799215,0.342623252
0.10992869,0.04882796,0.04941561,0.50049074,0.011930458,0.512266034,0.049858773,0.886428527,0.982241923,0.366867747
0.125504681,0.04882796,0.999819238,0.50049074,0.011930458,0.093760803,0.049858773,0.840964649,0.992181336,0.058093831
0.169161696,0.04882796,0.04941561,0.877064669,0.011930458,0.126312799,0.049858773,0.913738956,0.213458315,0.971675237
1,0.930710152,0.673659831,0.273377444,1,1,1,0.939220945,0.000433636,0.097107008
0.077280683,0.995145058,0.992182964,0.036697002,0.186605497,0.032803255,0.049858773,0.60641071,0.997237569,0.053973157
0.534855573,0.04882796,0.04941561,0.950093158,0.011930458,0.168070283,0.049858773,0.98405398,0.403679862,0.258247338
0.242618163,0.04882796,0.04941561,0.036697002,0.186605497,0.040667416,0.049858773,0.213547557,0.000695813,0.992836382
1,0.04882796,0.977342627,0.970893279,1,0.824449111,0.057019875,0.977851797,0,0.765861164
0.625498638,0.04882796,0.04941561,0.123571694,0.011930458,0.068935855,0.049858773,0.467281658,0.359390931,0.073837681
0.949202071,0.04882796,0.04941561,0.123571694,0.813394503,0.068935855,0.079349513,0.943376007,0.320646875,0.256683666
0.959167129,0.985045072,0.950535193,0.50049074,0.813394503,0.282889204,0.385462479,0.993389207,0.319275931,0.950487669
0.808091103,0.995145058,0.04941561,0.986006106,0.186605497,0.99769827,0.049858773,0.923458855,0,0.033701462
0.983460968,0.04882796,0.04941561,0.060414077,0.988069542,0.06476268,0.049858773,0.972583036,0.997237569,0.602026807
0.000457966,0.04882796,0.04941561,0.019417107,0.011930458,0.026417967,0.049858773,0.009956999,0.997237569,0.191163688
1,0.972378089,0.569477994,0.246426066,1,1,1,0.975042265,0.000625954,0.465909765
0.879778356,0.985045072,0.983507836,0.028487165,0.988069542,0.044294673,0.049858773,0.995805585,0.987523456,0.02681213
0.060715035,0.998039114,0.04941561,0.123571694,0.011930458,0.950211485,0.507360566,0.01668093,0.995050808,0.015254288
0.774151325,0.04882796,0.04941561,0.727790773,0.011930458,0.435121745,0.049858773,0.066014289,0.88446715,0.756022489
1,0.972378089,0.569477994,0.246426066,1,1,1,0.973356509,0.000590629,0.368909549
0.030323424,0.04882796,0.04941561,0.123571694,0.011930458,0.220153791,0.997317506,0.886997535,0.997237569,0.830602388
0.228823212,0.04882796,0.04941561,0.877064669,0.011930458,0.762129808,0.997317506,0.772559515,0,0.999166296
1,0.909949657,0.619658122,0.320590717,1,1,1,0.975042265,0.000452174,0.128999343
0.000602098,0.04882796,0.04941561,0.950093158,0.011930458,0.999898432,1,0.020472532,0.99346659,0.027215166
0.003940212,0.04882796,0.04941561,0.007366108,0.813394503,0.042899643,0.988411694,0.004847142,0,0.007479955
0.88312682,0.04882796,0.04941561,0.837230236,0.186605497,0.239898037,0.276353107,0.220487426,0.996054605,0.082449204
0.000457966,0.04882796,0.04941561,0.019417107,0.011930458,0.026417967,0.049858773,0.000232031,0,0.870265428
0.974948187,0.04882796,0.04941561,0.019417107,0.813394503,0.093760803,0.049858773,0.830753335,0,0.667566382
0.066502643,0.04882796,0.999819238,0.036697002,0.186605497,0.114508598,0.951380221,0.095564475,0.837259188,0.329464349
0.94814787,0.04882796,0.999819238,0.123571694,0.186605497,0.962540591,0.879997206,0.18587713,0.985083794,0.436255582
0.861498223,0.04882796,0.950535193,0.123571694,0.813394503,0.696311886,0.999858456,0.830716743,0.994507331,0.017328007
0.991286764,0.964013341,0.04941561,0.236159843,0.988069542,0.978982421,0.915675962,0.853163544,0,0.765753908
0.977197165,0.04882796,0.992182964,0.992676826,0.186605497,0.962540591,0.049858773,0.978373148,0.981844331,0.99330603
0.200589054,0.04882796,0.04941561,0.123571694,0.011930458,0.126312799,0.507360566,0.994616622,0.997237569,0.000886183
0.728960554,0.04882796,0.04941561,0.50049074,0.011930458,0.220153791,0.049858773,0.996624641,0.648318604,0.012932559
0.277874726,0.04882796,0.04941561,0.997242971,0.011930458,0.995515347,0.507360566,0.93423016,0.944506508,0.042137389
0.983138338,0.964013341,0.04941561,0.028487165,0.988069542,0.082990284,0.049858773,0.647542267,0.292626857,0.102973249
0.741848987,0.04882796,0.992182964,0.123571694,0.186605497,0.530818011,0.049858773,0.993206881,0.906346337,0.009729359
0.075538289,0.04882796,0.999819238,0.50049074,0.011930458,0.355355638,0.507360566,0.922128689,0.997237569,0.114061554
0.000604356,0.04882796,0.04941561,0.950093158,0.011930458,0.999841334,1,0.019548307,0.99346659,0.044989266
0.414540819,0.04882796,0.04941561,0.727790773,0.011930458,0.967548766,0.049858773,0.97765029,0.974452722,0.999680453
0.649136614,0.04882796,0.992182964,0.581545936,0.186605497,0.050318824,0.049858773,0.986725612,0.997237569,0.996709382
1,0.886901167,0.04941561,0.025541684,1,0.196523111,0.109409109,0.967650301,0.93574708,0.449913636
0.63399216,0.995145058,0.04941561,0.837230236,0.186605497,0.381296724,0.507360566,0.52918392,0,0.009614454
0.974826403,0.04882796,0.04941561,0.813692265,0.813394503,0.540065356,0.817822507,0.992746384,0.990232179,0.886951645
0.000457966,0.998039114,0.04941561,0.019417107,0.011930458,0.026417967,0.049858773,0.000232031,0,1
0.499026773,0.04882796,0.04941561,0.123571694,0.011930458,0.093760803,0.049858773,0.895123059,0.997237569,0.039007132
0.71465883,0.04882796,0.04941561,0.727790773,0.186605497,0.093760803,0.124006993,0.362822939,0.996054605,0.723447071
0.000457966,0.04882796,0.04941561,0.019417107,0.011930458,0.026417967,0.049858773,0.000232031,0.997237569,0.999772055
0.208377094,0.04882796,0.04941561,0.036697002,0.186605497,0.381296724,0.276353107,0.031388669,0.961535407,0.092126461
0.569086785,0.04882796,0.04941561,0.908219161,0.186605497,0.993509002,0.049858773,0.048795229,0.997237569,0.672505807
0.000457966,0.04882796,0.992182964,0.002773267,0.186605497,0.026417967,0.049858773,0.000232031,0.376843266,0.001485532
0.067330972,0.04882796,0.04941561,0.123571694,0.011930458,0.168070283,0.951380221,0.994338707,0.997237569,0.978856247
0.298166858,0.04882796,0.999819238,0.036697002,0.186605497,0.076447744,0.276353107,0.109683873,0.837259188,0.063581827
0.309361565,0.04882796,0.04941561,0.036697002,0.186605497,0.139142634,0.733200948,0.850493441,0.997237569,0.005947034
0.078002127,0.04882796,0.04941561,0.50049074,0.011930458,0.050318824,0.049858773,0.972583036,0.997237569,0.535299536
0.037158427,0.04882796,0.04941561,0.036697002,0.186605497,0.032803255,0.049858773,0.128494419,0.997237569,0.792189351
0.087875353,0.995145058,0.04941561,0.010187919,0.186605497,0.032803255,0.049858773,0.727355462,0.997237569,0.026366519
0.036693125,0.04882796,0.04941561,0.992676826,0.011930458,0.998819906,1,0.91699454,0.992951055,0.816731362
0.974842841,0.04882796,0.04941561,0.581545936,0.186605497,0.913256722,0.049858773,0.99957975,0.997237569,0.054489604
0.033114597,0.04882796,0.04941561,0.019417107,0.011930458,0.567617593,0.507360566,0.025669929,0.002397512,0.00310658
0.008799639,0.04882796,0.04941561,0.019417107,0.011930458,0.036532291,0.049858773,0.011756421,0.997237569,0.491010533
0.696931396,0.04882796,0.04941561,0.50049074,0.011930458,0.435121745,0.049858773,0.00186484,0.464605339,0.461611758
0.112987337,0.04882796,0.04941561,0.999611877,0.011930458,0.999055627,0.951380221,0.967816544,0,0.144322807
0.973567031,0.04882796,0.04941561,0.549403007,0.988069542,0.903357246,0.066007665,0.075199823,0.997237569,0.963937889
0.998199963,0.04882796,0.04941561,0.950093158,0.988069542,0.631769105,0.507360566,0.983571728,0.976961885,0.044153438
0.21035649,0.04882796,0.992182964,0.342900789,0.186605497,0.762129808,0.999622394,0.682642766,0.989108146,0.653965475
0.516663832,0.04882796,0.04941561,0.908219161,0.186605497,0.530818011,0.507360566,0.438319772,0.197091205,0.057208219
0.100894207,0.04882796,0.04941561,0.727790773,0.011930458,0.986444058,0.507360566,0.947188497,0.953071205,0.843635244
0.530558289,0.04882796,0.04941561,0.950093158,0.011930458,0.621330911,0.049858773,0.994427226,0.015436929,0.083639711
0.065051849,0.04882796,0.999819238,0.019417107,0.011930458,0.168070283,0.049858773,0.008206468,0.983707504,0.08575906
0.000457966,0.04882796,0.04941561,0.019417107,0.011930458,0.026417967,0.049858773,0.000232031,0.997237569,0.057995132
0.059373508,0.04882796,0.992182964,0.123571694,0.186605497,0.062112455,0.951380221,0.991812166,0.997237569,0.803127817
0.914895105,0.04882796,0.04941561,0.837230236,0.186605497,0.330237411,0.049858773,0.972422287,0.143071147,0.218922724
0.152606685,0.995145058,0.992182964,0.036697002,0.186605497,0.040667416,0.049858773,0.450645824,0.974351433,0.003408589
0.027299613,0.04882796,0.04941561,0.010187919,0.186605497,0.050318824,0.276353107,0.052378902,0.977240614,0.340265588
0.003176458,0.04882796,0.999819238,0.123571694,0.011930458,0.168070283,0.997317506,0.109683873,0.992736486,0.049802835
0.048198958,0.04882796,0.04941561,0.010187919,0.186605497,0.040667416,0.124006993,0.00716829,0.982241923,0.982393235
0.044429983,0.04882796,0.04941561,0.980694701,0.011930458,0.989124903,0.049858773,0.928627281,0.506795431,0.94213315
1,0.04882796,0.381663825,0.008949424,1,0.501115316,0.183636418,0.682995727,0.096419577,0.457594465
0.961131966,0.04882796,0.04941561,0.581545936,0.186605497,0.201603546,0.049858773,0.999016894,0,0.988837538
0.49625687,0.04882796,0.04941561,0.123571694,0.011930458,0.068935855,0.049858773,0.161921548,0.997237569,0.053354664
1,0.04882796,0.04941561,0.024035692,1,0.122266673,0.053925569,0.969346265,0.467712388,0.423846407
0.287041172,0.04882796,0.04941561,0.581545936,0.186605497,0.381296724,0.507360566,0.360298751,0.081968965,0.78744903
0.065067181,0.04882796,0.04941561,0.342900789,0.186605497,0.168070283,0.733200948,0.070260532,0.879443239,0.436620295
0.923583714,0.04882796,0.04941561,0.342900789,0.186605497,0.942686156,0.049858773,0.996195774,0.997237569,0.299157362
0.000457966,0.04882796,0.04941561,0.002773267,0.011930458,0.036532291,0.507360566,0.058928254,0.996058154,0.04277716
0.000457966,0.04882796,0.04941561,0.002773267,0.186605497,0.026417967,0.049858773,0.000232031,0.997237569,0.838262648
0.524518701,0.04882796,0.04941561,0.007366108,0.813394503,0.036532291,0.049858773,0.806936072,0.100103775,0.237094815
0.146399293,0.04882796,0.04941561,0.036697002,0.186605497,0.032803255,0.049858773,0.965509663,0.195141495,0.734786687
1,0.04882796,0.04941561,0.854286761,0.988069542,0.710274071,0.086908635,0.988976784,0.000986965,0.762955866
0.988492811,0.04882796,0.994625586,0.060414077,0.988069542,0.15017823,0.113622664,0.010702366,0,0.019165506
0.210613427,0.04882796,0.04941561,0.036697002,0.186605497,0.050318824,0.124006993,0.155464956,0.997237569,0.030398476
0.461822752,0.04882796,0.04941561,0.727790773,0.011930458,0.355355638,0.049858773,0.798042293,0.94819328,1
0.01861573,0.985045072,0.04941561,0.019417107,0.813394503,0.031079321,0.049858773,0.014282594,0.973132147,0.041557991
0.018256928,0.04882796,0.04941561,0.123571694,0.011930458,0.068935855,0.049858773,0.011587617,0.997237569,0.940324843
0.061259017,0.995145058,0.04941561,0.010187919,0.186605497,0.040667416,0.276353107,0.008151283,0.494724919,0.746928436
0.543510157,0.04882796,0.04941561,0.123571694,0.011930458,0.355355638,0.049858773,0.057452166,0.991497275,0.117973856
0.695880046,0.995145058,0.04941561,0.998010739,0.186605497,0.978982421,0.049858773,0.957169006,0.012336168,0.724905355
0.993663086,0.985045072,0.04941561,0.950093158,0.813394503,0.800185691,0.079349513,0.805230521,0.16903952,0.865089854
0.419247985,0.998039114,0.04941561,0.997242971,0.011930458,0.938534103,0.951380221,0.93298213,0.997237569,0.902216817
0.994733747,0.04882796,0.04941561,0.787613959,0.999364903,0.775345714,1,0.916002094,0.98289272,0.891042067
0.071276912,0.04882796,0.999819238,0.50049074,0.011930458,0.938534103,0.507360566,0.977052662,0.994007809,0.628747983
0.000457966,0.04882796,0.04941561,0.010187919,0.186605497,0.040667416,0.951380221,0.001207312,0,1
0.000457966,0.04882796,0.04941561,0.010187919,0.186605497,0.026417967,0.049858773,0.000232031,0.040176773,0.837745465
0.967370196,0.04882796,0.04941561,0.813692265,0.813394503,0.540065356,0.385462479,0.986199189,0.598183707,0.064602073
0.079818318,0.04882796,0.04941561,0.123571694,0.011930458,0.672224769,0.049858773,0.02084377,0.082643001,0.495137895
0.965022773,0.04882796,0.04941561,0.123571694,0.186605497,0.093760803,0.049858773,0.491701951,0.114308957,0.906080738
0.997542377,0.04882796,0.04941561,1,0.813394503,1,0.049858773,0.996962517,0.383192713,0.984748592
0.922777788,0.04882796,0.04941561,0.999461745,0.186605497,0.996903471,0.507360566,0.926426954,0.997237569,0.01256848
0.070082941,0.04882796,0.04941561,0.980694701,0.011930458,0.435121745,0.049858773,0.053218229,0,0.020918801
0.146127847,0.04882796,0.04941561,0.581545936,0.186605497,0.638660631,0.951380221,0.079394022,0.081968965,0.903730246
0.112743637,0.995145058,0.04941561,0.010187919,0.186605497,0.032803255,0.049858773,0.890181546,0,0.468177539
0.990376296,0.04882796,0.04941561,0.727790773,0.988069542,0.523404557,0.238466861,0.600287244,0.369472148,0.35201045
0.165948648,0.04882796,0.04941561,0.123571694,0.186605497,0.062112455,0.276353107,0.016781872,0.263169693,0.492146516
0.016723978,0.04882796,0.04941561,0.019417107,0.011930458,0.050318824,0.507360566,0.997601087,0.997237569,0.112559812
0.328004686,0.04882796,0.04941561,0.997242971,0.011930458,0.512266034,0.049858773,0.856619288,0.000201328,0.676463632
0.889832377,0.995145058,0.04941561,0.998010739,0.186605497,0.999186014,0.049858773,0.985574838,0.997237569,0.108231001
0.019687757,0.04882796,0.992182964,0.123571694,0.186605497,0.114508598,0.049858773,0.002447504,0.158861808,0.392570574
0.463801372,0.04882796,0.04941561,0.999611877,0.011930458,1,0.049858773,0.947242815,0.997237569,0.97571439
0.26250867,0.04882796,0.04941561,0.342900789,0.186605497,0.093760803,0.049858773,0.800556206,0,0.333135264
0.982117333,0.04882796,0.04941561,0.028487165,0.988069542,0.057113309,0.049858773,0.99857966,0.994352674,0.955239911
0.309361565,0.04882796,0.04941561,0.036697002,0.186605497,0.139142634,0.733200948,0.850493441,0.997237569,0.363061882
0.003442317,0.04882796,0.04941561,0.019417107,0.011930458,0.036532291,0.049858773,0.013743229,0.485593916,0.080832385
0.553329763,0.04882796,0.04941561,0.997242971,0.011930458,0.435121745,0.049858773,0.990688358,0.997237569,0.033911724
0.000457966,0.04882796,0.04941561,0.019417107,0.011930458,0.026417967,0.049858773,0.000232031,0.001839108,0.732341567
1,0.04882796,0.629218712,0.891401143,1,0.263904279,0.124006993,0.968464747,0.195141495,0.948849162
0.758052218,0.04882796,0.04941561,0.986006106,0.186605497,0.886617441,0.879997206,0.960049811,0.989215358,0.996480889
0.991236251,0.04882796,0.04941561,0.050186811,0.813394503,0.394536641,0.079349513,0.345485284,0.496270962,0.857582896
0.385266486,0.04882796,0.04941561,0.50049074,0.011930458,0.093760803,0.049858773,0.994868207,0,0.052360964
0.02585285,0.04882796,0.04941561,0.019417107,0.011930458,0.068935855,0.049858773,0.022923298,0.997237569,0.82872388
0.328004686,0.04882796,0.04941561,0.997242971,0.011930458,0.512266034,0.049858773,0.856619288,0.000201328,0.219596727
0.973674098,0.995145058,0.04941561,0.123571694,0.186605497,0.076447744,0.049858773,0.999656289,0.991184967,0.733960679
0.944831652,0.04882796,0.04941561,0.727790773,0.186605497,0.381296724,0.049858773,0.633620191,0.081004884,0.830750938
0.986505966,0.04882796,0.04941561,0.950093158,0.813394503,0.983113632,0.049858773,0.888423076,0.850335015,0.087513597
0.663679645,0.04882796,0.04941561,0.581545936,0.186605497,0.093760803,0.049858773,0.888423076,0.425117033,0.038761455
0.138016902,0.04882796,0.04941561,0.581545936,0.186605497,0.603685812,0.276353107,0.247958625,0.466368284,0.298148775
0.019286969,0.04882796,0.04941561,0.727790773,0.011930458,0.220153791,0.951380221,0.033482065,0.720979781,0.933542845
0.000457966,0.04882796,0.04941561,0.007366108,0.813394503,0.026417967,0.049858773,0.000232031,0.997237569,0.044460415
0.000457966,0.04882796,0.04941561,0.123571694,0.011930458,0.026417967,0.049858773,0.000232031,0.006875197,0.006030528
0.002481552,0.995145058,0.992182964,0.010187919,0.186605497,0.040667416,0.951380221,0.008151283,0.494724919,0.988855199
0.464079493,0.998039114,0.04941561,0.727790773,0.011930458,0.907182595,0.049858773,0.962631925,0.997237569,0.315167689
0.038816535,0.04882796,0.04941561,0.992676826,0.011930458,0.99769827,1,0.917969235,0.992951055,0.854431521
0.969397837,0.04882796,0.992182964,0.581545936,0.186605497,0.076447744,0.049858773,0.998973429,0.994833464,0.746803874
0.000457966,0.995145058,0.992182964,0.010187919,0.186605497,0.032803255,0.507360566,0.007744458,0.494724919,0.913030025
0.40293552,0.04882796,0.04941561,0.036697002,0.186605497,0.040667416,0.049858773,0.894723204,0.997237569,0.372381254
0.663034462,0.04882796,0.04941561,0.342900789,0.186605497,0.950211485,0.507360566,0.80978899,0.997237569,0.606039485
0.000457966,0.04882796,0.999819238,0.002773267,0.011930458,0.026417967,0.049858773,0.000232031,0.997237569,0.303758985
0.532977049,0.04882796,0.992182964,0.036697002,0.186605497,0.603685812,0.879997206,0.756869333,0.997237569,0.71719796
